,release_date,movie,production_budget,domestic_gross,worldwide_gross,release_year,genres,director,production_budget_int,worldwide_gross_int,profit
3,"Apr 27, 2018",Avengers: Infinity War,"$300,000,000","$678,815,482","$2,048,134,200",2018,"Action,Adventure,Sci-Fi",Anthony Russo,300000000,2048134200,1748134200
4,"Apr 27, 2018",Avengers: Infinity War,"$300,000,000","$678,815,482","$2,048,134,200",2018,"Action,Adventure,Sci-Fi",Joe Russo,300000000,2048134200,1748134200
27,"Jun 12, 2015",Jurassic World,"$215,000,000","$652,270,625","$1,648,854,864",2015,"Action,Adventure,Sci-Fi",Colin Trevorrow,215000000,1648854864,1433854864
52,"Apr 3, 2015",Furious 7,"$190,000,000","$353,007,020","$1,518,722,794",2015,"Action,Crime,Thriller",James Wan,190000000,1518722794,1328722794
22,"May 4, 2012",The Avengers,"$225,000,000","$623,279,547","$1,517,935,897",2012,"Action,Adventure,Sci-Fi",Joss Whedon,225000000,1517935897,1292935897
31,"Feb 16, 2018",Black Panther,"$200,000,000","$700,059,566","$1,348,258,224",2018,"Action,Adventure,Sci-Fi",Ryan Coogler,200000000,1348258224,1148258224
89,"Jun 22, 2018",Jurassic World: Fallen Kingdom,"$170,000,000","$417,719,760","$1,305,772,799",2018,"Action,Adventure,Sci-Fi",J.A. Bayona,170000000,1305772799,1135772799
123,"Nov 22, 2013",Frozen,"$150,000,000","$400,738,009","$1,272,469,910",2013,"Adventure,Animation,Comedy",Chris Buck,150000000,1272469910,1122469910
124,"Nov 22, 2013",Frozen,"$150,000,000","$400,738,009","$1,272,469,910",2013,"Adventure,Animation,Comedy",Jennifer Lee,150000000,1272469910,1122469910
110,"Mar 17, 2017",Beauty and the Beast,"$160,000,000","$504,014,165","$1,259,199,706",2017,"Family,Fantasy,Musical",Bill Condon,160000000,1259199706,1099199706
347,"Jul 10, 2015",Minions,"$74,000,000","$336,045,770","$1,160,336,173",2015,"Adventure,Animation,Comedy",Pierre Coffin,74000000,1160336173,1086336173
346,"Jul 10, 2015",Minions,"$74,000,000","$336,045,770","$1,160,336,173",2015,"Adventure,Animation,Comedy",Kyle Balda,74000000,1160336173,1086336173
2,"May 1, 2015",Avengers: Age of Ultron,"$330,600,000","$459,005,868","$1,403,013,963",2015,"Action,Adventure,Sci-Fi",Joss Whedon,330600000,1403013963,1072413963
32,"Jun 15, 2018",Incredibles 2,"$200,000,000","$608,581,744","$1,242,520,711",2018,"Action,Adventure,Animation",Brad Bird,200000000,1242520711,1042520711
37,"May 3, 2013",Iron Man 3,"$200,000,000","$408,992,272","$1,215,392,272",2013,"Action,Adventure,Sci-Fi",Shane Black,200000000,1215392272,1015392272
111,"Dec 21, 2018",Aquaman,"$160,000,000","$335,061,807","$1,146,894,640",2018,"Action,Adventure,Fantasy",James Wan,160000000,1146894640,986894640
19,"Apr 14, 2017",The Fate of the Furious,"$250,000,000","$225,764,765","$1,234,846,267",2017,"Action,Crime,Thriller",F. Gary Gray,250000000,1234846267,984846267
336,"Jun 30, 2017",Despicable Me 3,"$75,000,000","$264,624,300","$1,034,727,750",2017,"Adventure,Animation,Comedy",Kyle Balda,75000000,1034727750,959727750
337,"Jun 30, 2017",Despicable Me 3,"$75,000,000","$264,624,300","$1,034,727,750",2017,"Adventure,Animation,Comedy",Pierre Coffin,75000000,1034727750,959727750
338,"Jun 30, 2017",Despicable Me 3,"$75,000,000","$264,624,300","$1,034,727,750",2017,"Adventure,Animation,Comedy",Eric Guillon,75000000,1034727750,959727750
77,"Mar 8, 2019",Captain Marvel,"$175,000,000","$426,525,952","$1,123,061,550",2019,"Action,Adventure,Sci-Fi",Anna Boden,175000000,1123061550,948061550
76,"Mar 8, 2019",Captain Marvel,"$175,000,000","$426,525,952","$1,123,061,550",2019,"Action,Adventure,Sci-Fi",Ryan Fleck,175000000,1123061550,948061550
49,"Jun 29, 2011",Transformers: Dark of the Moon,"$195,000,000","$352,390,543","$1,123,790,543",2011,"Action,Adventure,Sci-Fi",Michael Bay,195000000,1123790543,928790543
40,"Nov 8, 2012",Skyfall,"$200,000,000","$304,360,277","$1,110,526,981",2012,"Action,Adventure,Thriller",Sam Mendes,200000000,1110526981,910526981
331,"Jul 3, 2013",Despicable Me 2,"$76,000,000","$368,065,385","$975,216,835",2013,"Adventure,Animation,Comedy",Pierre Coffin,76000000,975216835,899216835
330,"Jul 3, 2013",Despicable Me 2,"$76,000,000","$368,065,385","$975,216,835",2013,"Adventure,Animation,Comedy",Chris Renaud,76000000,975216835,899216835
29,"Jun 27, 2014",Transformers: Age of Extinction,"$210,000,000","$245,439,076","$1,104,039,076",2014,"Action,Adventure,Sci-Fi",Michael Bay,210000000,1104039076,894039076
13,"May 6, 2016",Captain America: Civil War,"$250,000,000","$408,084,349","$1,140,069,413",2016,"Action,Adventure,Sci-Fi",Anthony Russo,250000000,1140069413,890069413
14,"May 6, 2016",Captain America: Civil War,"$250,000,000","$408,084,349","$1,140,069,413",2016,"Action,Adventure,Sci-Fi",Joe Russo,250000000,1140069413,890069413
275,"Dec 20, 2017",Jumanji: Welcome to the Jungle,"$90,000,000","$404,508,916","$964,496,193",2017,"Action,Adventure,Comedy",Jake Kasdan,90000000,964496193,874496193
125,"Mar 4, 2016",Zootopia,"$150,000,000","$341,268,248","$1,019,429,616",2016,"Adventure,Animation,Comedy",Byron Howard,150000000,1019429616,869429616
127,"Mar 4, 2016",Zootopia,"$150,000,000","$341,268,248","$1,019,429,616",2016,"Adventure,Animation,Comedy",Jared Bush,150000000,1019429616,869429616
126,"Mar 4, 2016",Zootopia,"$150,000,000","$341,268,248","$1,019,429,616",2016,"Adventure,Animation,Comedy",Rich Moore,150000000,1019429616,869429616
36,"Jun 18, 2010",Toy Story 3,"$200,000,000","$415,004,880","$1,068,879,522",2010,"Adventure,Animation,Comedy",Lee Unkrich,200000000,1068879522,868879522
33,"Dec 16, 2016",Rogue One: A Star Wars Story,"$200,000,000","$532,177,324","$1,049,102,856",2016,"Action,Adventure,Sci-Fi",Gareth Edwards,200000000,1049102856,849102856
441,"Nov 2, 2018",Bohemian Rhapsody,"$55,000,000","$216,303,339","$894,985,342",2018,"Biography,Drama,Music",Bryan Singer,55000000,894985342,839985342
38,"Mar 5, 2010",Alice in Wonderland,"$200,000,000","$334,191,110","$1,025,491,110",2010,"Adventure,Family,Fantasy",Tim Burton,200000000,1025491110,825491110
34,"Jun 17, 2016",Finding Dory,"$200,000,000","$486,295,561","$1,021,215,193",2016,"Adventure,Animation,Comedy",Andrew Stanton,200000000,1021215193,821215193
35,"Jun 17, 2016",Finding Dory,"$200,000,000","$486,295,561","$1,021,215,193",2016,"Adventure,Animation,Comedy",Angus MacLane,200000000,1021215193,821215193
333,"Jul 8, 2016",The Secret Life of Pets,"$75,000,000","$368,384,330","$886,750,534",2016,"Adventure,Animation,Comedy",Chris Renaud,75000000,886750534,811750534
332,"Jul 8, 2016",The Secret Life of Pets,"$75,000,000","$368,384,330","$886,750,534",2016,"Adventure,Animation,Comedy",Yarrow Cheney,75000000,886750534,811750534
7,"Jul 20, 2012",The Dark Knight Rises,"$275,000,000","$448,139,099","$1,084,439,099",2012,"Action,Thriller",Christopher Nolan,275000000,1084439099,809439099
78,"Apr 15, 2016",The Jungle Book,"$175,000,000","$364,001,123","$962,854,547",2016,"Adventure,Drama,Family",Jon Favreau,175000000,962854547,787854547
266,"Jul 13, 2012",Ice Age: Continental Drift,"$95,000,000","$161,321,843","$879,765,137",2012,"Adventure,Animation,Comedy",Mike Thurmeier,95000000,879765137,784765137
265,"Jul 13, 2012",Ice Age: Continental Drift,"$95,000,000","$161,321,843","$879,765,137",2012,"Adventure,Animation,Comedy",Steve Martino,95000000,879765137,784765137
16,"Dec 14, 2012",The Hobbit: An Unexpected Journey,"$250,000,000","$303,003,568","$1,017,003,568",2012,"Adventure,Family,Fantasy",Peter Jackson,250000000,1017003568,767003568
432,"Feb 12, 2016",Deadpool,"$58,000,000","$363,070,709","$801,025,593",2016,"Action,Adventure,Comedy",Tim Miller,58000000,801025593,743025593
213,"Oct 5, 2018",Venom,"$116,000,000","$213,511,408","$853,628,605",2018,"Action,Sci-Fi,Thriller",Ruben Fleischer,116000000,853628605,737628605
173,"Nov 22, 2013",The Hunger Games: Catching Fire,"$130,000,000","$424,668,047","$864,868,047",2013,"Action,Adventure,Sci-Fi",Francis Lawrence,130000000,864868047,734868047
17,"Dec 13, 2013",The Hobbit: The Desolation of Smaug,"$250,000,000","$258,366,855","$960,366,855",2013,"Adventure,Fantasy",Peter Jackson,250000000,960366855,710366855
81,"Jul 7, 2017",Spider-Man: Homecoming,"$175,000,000","$334,201,140","$880,166,350",2017,"Action,Adventure,Sci-Fi",Jon Watts,175000000,880166350,705166350
18,"Dec 17, 2014",The Hobbit: The Battle of the Five Armies,"$250,000,000","$255,119,788","$945,577,621",2014,"Adventure,Fantasy",Peter Jackson,250000000,945577621,695577621
80,"Jun 19, 2015",Inside Out,"$175,000,000","$356,461,711","$854,235,992",2015,"Adventure,Animation,Comedy",Pete Docter,175000000,854235992,679235992
79,"Jun 19, 2015",Inside Out,"$175,000,000","$356,461,711","$854,235,992",2015,"Adventure,Animation,Comedy",Ronnie Del Carmen,175000000,854235992,679235992
217,"May 18, 2018",Deadpool 2,"$110,000,000","$324,591,735","$786,680,557",2018,"Action,Adventure,Comedy",David Leitch,110000000,786680557,676680557
112,"Jul 16, 2010",Inception,"$160,000,000","$292,576,195","$835,524,642",2010,"Action,Adventure,Sci-Fi",Christopher Nolan,160000000,835524642,675524642
122,"Jun 2, 2017",Wonder Woman,"$150,000,000","$412,563,408","$821,133,378",2017,"Action,Adventure,Fantasy",Patty Jenkins,150000000,821133378,671133378
65,"Nov 3, 2017",Thor: Ragnarok,"$180,000,000","$315,058,289","$846,980,024",2017,"Action,Adventure,Comedy",Taika Waititi,180000000,846980024,666980024
625,"Sep 8, 2017",It,"$35,000,000","$327,481,748","$697,457,969",2017,"Horror,Thriller",Andy Muschietti,35000000,697457969,662457969
192,"Nov 21, 2014",The Hunger Games: Mockingjay - Part 1,"$125,000,000","$337,135,885","$766,575,131",2014,"Action,Adventure,Sci-Fi",Francis Lawrence,125000000,766575131,641575131
372,"Jun 30, 2010",The Twilight Saga: Eclipse,"$68,000,000","$300,531,751","$706,102,828",2010,"Adventure,Drama,Fantasy",David Slade,68000000,706102828,638102828
0,"May 20, 2011",Pirates of the Caribbean: On Stranger Tides,"$410,600,000","$241,063,875","$1,045,663,875",2011,"Action,Adventure,Fantasy",Rob Marshall,410600000,1045663875,635063875
83,"Nov 22, 2017",Coco,"$175,000,000","$209,726,015","$798,008,101",2017,"Adventure,Animation,Comedy",Lee Unkrich,175000000,798008101,623008101
84,"Nov 22, 2017",Coco,"$175,000,000","$209,726,015","$798,008,101",2017,"Adventure,Animation,Comedy",Adrian Molina,175000000,798008101,623008101
67,"Nov 18, 2016",Fantastic Beasts and Where to Find Them,"$180,000,000","$234,037,575","$802,402,853",2016,"Adventure,Family,Fantasy",David Yates,180000000,802402853,622402853
15,"Mar 25, 2016",Batman v Superman: Dawn of Justice,"$250,000,000","$330,360,194","$867,500,281",2016,"Action,Adventure,Fantasy",Zack Snyder,250000000,867500281,617500281
148,"Jun 8, 2012",Madagascar 3: Europe's Most Wanted,"$145,000,000","$216,391,482","$746,921,271",2012,"Adventure,Animation,Comedy",Conrad Vernon,145000000,746921271,601921271
147,"Jun 8, 2012",Madagascar 3: Europe's Most Wanted,"$145,000,000","$216,391,482","$746,921,271",2012,"Adventure,Animation,Comedy",Tom McGrath,145000000,746921271,601921271
146,"Jun 8, 2012",Madagascar 3: Europe's Most Wanted,"$145,000,000","$216,391,482","$746,921,271",2012,"Adventure,Animation,Comedy",Eric Darnell,145000000,746921271,601921271
90,"Aug 1, 2014",Guardians of the Galaxy,"$170,000,000","$333,172,112","$770,867,516",2014,"Action,Adventure,Comedy",James Gunn,170000000,770867516,600867516
307,"Mar 23, 2012",The Hunger Games,"$80,000,000","$408,010,692","$677,923,379",2012,"Action,Adventure,Sci-Fi",Gary Ross,80000000,677923379,597923379
101,"May 21, 2010",Shrek Forever After,"$165,000,000","$238,736,787","$756,244,673",2010,"Adventure,Animation,Comedy",Mike Mitchell,165000000,756244673,591244673
218,"Oct 4, 2013",Gravity,"$110,000,000","$274,092,705","$693,698,673",2013,"Drama,Sci-Fi,Thriller",Alfonso Cuarón,110000000,693698673,583698673
6,"Nov 6, 2015",Spectre,"$300,000,000","$200,074,175","$879,620,923",2015,"Action,Adventure,Thriller",Sam Mendes,300000000,879620923,579620923
66,"May 30, 2014",Maleficent,"$180,000,000","$241,407,328","$758,536,735",2014,"Action,Adventure,Family",Robert Stromberg,180000000,758536735,578536735
82,"Aug 5, 2016",Suicide Squad,"$175,000,000","$325,100,054","$746,059,887",2016,"Action,Adventure,Fantasy",David Ayer,175000000,746059887,571059887
334,"Dec 21, 2016",Sing,"$75,000,000","$270,329,045","$634,454,789",2016,"Animation,Comedy,Family",Garth Jennings,75000000,634454789,559454789
335,"Dec 21, 2016",Sing,"$75,000,000","$270,329,045","$634,454,789",2016,"Animation,Comedy,Family",Christophe Lourdelet,75000000,634454789,559454789
20,"May 26, 2017",Pirates of the Caribbean: Dead Men Tell No Tales,"$230,000,000","$172,558,876","$788,241,137",2017,"Action,Adventure,Fantasy",Joachim Rønning,230000000,788241137,558241137
21,"May 26, 2017",Pirates of the Caribbean: Dead Men Tell No Tales,"$230,000,000","$172,558,876","$788,241,137",2017,"Action,Adventure,Fantasy",Espen Sandberg,230000000,788241137,558241137
43,"May 23, 2014",X-Men: Days of Future Past,"$200,000,000","$233,921,534","$747,862,775",2014,"Action,Adventure,Sci-Fi",Bryan Singer,200000000,747862775,547862775
230,"Oct 2, 2015",The Martian,"$108,000,000","$228,433,663","$655,271,443",2015,"Adventure,Drama,Sci-Fi",Ridley Scott,108000000,655271443,547271443
93,"Apr 4, 2014",Captain America: The Winter Soldier,"$170,000,000","$259,746,958","$714,401,889",2014,"Action,Adventure,Sci-Fi",Joe Russo,170000000,714401889,544401889
92,"Apr 4, 2014",Captain America: The Winter Soldier,"$170,000,000","$259,746,958","$714,401,889",2014,"Action,Adventure,Sci-Fi",Anthony Russo,170000000,714401889,544401889
41,"Jun 21, 2013",Monsters University,"$200,000,000","$268,488,329","$743,588,329",2013,"Adventure,Animation,Comedy",Dan Scanlon,200000000,743588329,543588329
94,"Jul 11, 2014",Dawn of the Planet of the Apes,"$170,000,000","$208,545,589","$710,644,566",2014,"Action,Adventure,Drama",Matt Reeves,170000000,710644566,540644566
24,"Jul 3, 2012",The Amazing Spider-Man,"$220,000,000","$262,030,663","$757,890,267",2012,"Action,Adventure,Sci-Fi",Marc Webb,220000000,757890267,537890267
550,"Feb 13, 2015",Fifty Shades of Grey,"$40,000,000","$166,167,230","$570,998,101",2015,"Drama,Romance,Thriller",Sam Taylor-Johnson,40000000,570998101,530998101
135,"May 26, 2011",Kung Fu Panda 2,"$150,000,000","$165,249,063","$664,837,547",2011,"Action,Adventure,Animation",Jennifer Yuh Nelson,150000000,664837547,514837547
102,"Nov 4, 2016",Doctor Strange,"$165,000,000","$232,641,920","$676,404,566",2016,"Action,Adventure,Fantasy",Scott Derrickson,165000000,676404566,511404566
44,"May 2, 2014",The Amazing Spider-Man 2,"$200,000,000","$202,853,933","$708,996,336",2014,"Action,Adventure,Sci-Fi",Marc Webb,200000000,708996336,508996336
308,"May 26, 2011",The Hangover Part II,"$80,000,000","$254,464,305","$586,464,305",2011,"Comedy,Mystery",Todd Phillips,80000000,586464305,506464305
464,"Jun 29, 2012",Ted,"$50,000,000","$218,665,740","$556,016,627",2012,"Comedy,Fantasy",Seth MacFarlane,50000000,556016627,506016627
193,"Apr 29, 2011",Fast Five,"$125,000,000","$210,031,325","$630,163,454",2011,"Action,Crime,Thriller",Justin Lin,125000000,630163454,505163454
108,"Nov 5, 2014",Interstellar,"$165,000,000","$188,017,894","$666,379,375",2014,"Adventure,Drama,Sci-Fi",Christopher Nolan,165000000,666379375,501379375
205,"Nov 21, 2012",Life of Pi,"$120,000,000","$124,987,022","$620,912,003",2012,"Adventure,Drama,Fantasy",Ang Lee,120000000,620912003,500912003
132,"Nov 8, 2013",Thor: The Dark World,"$150,000,000","$206,362,140","$644,602,516",2013,"Action,Adventure,Fantasy",Alan Taylor,150000000,644602516,494602516
174,"Jul 6, 2018",Ant-Man and the Wasp,"$130,000,000","$216,648,740","$623,144,660",2018,"Action,Adventure,Comedy",Peyton Reed,130000000,623144660,493144660
433,"Dec 25, 2014",American Sniper,"$58,000,000","$350,126,372","$547,326,372",2014,"Action,Biography,Drama",Clint Eastwood,58000000,547326372,489326372
113,"Nov 20, 2015",The Hunger Games: Mockingjay - Part 2,"$160,000,000","$281,723,902","$648,986,787",2015,"Action,Adventure,Sci-Fi",Francis Lawrence,160000000,648986787,488986787
190,"Mar 3, 2017",Logan,"$127,000,000","$226,277,068","$615,461,394",2017,"Action,Drama,Sci-Fi",James Mangold,127000000,615461394,488461394
129,"Nov 23, 2016",Moana,"$150,000,000","$248,757,044","$637,517,365",2016,"Adventure,Animation,Comedy",John Musker,150000000,637517365,487517365
130,"Nov 23, 2016",Moana,"$150,000,000","$248,757,044","$637,517,365",2016,"Adventure,Animation,Comedy",Chris Williams,150000000,637517365,487517365
128,"Nov 23, 2016",Moana,"$150,000,000","$248,757,044","$637,517,365",2016,"Adventure,Animation,Comedy",Ron Clements,150000000,637517365,487517365
131,"Nov 23, 2016",Moana,"$150,000,000","$248,757,044","$637,517,365",2016,"Adventure,Animation,Comedy",Don Hall,150000000,637517365,487517365
103,"Nov 7, 2014",Big Hero 6,"$165,000,000","$222,527,828","$652,127,828",2014,"Action,Adventure,Animation",Chris Williams,165000000,652127828,487127828
104,"Nov 7, 2014",Big Hero 6,"$165,000,000","$222,527,828","$652,127,828",2014,"Action,Adventure,Animation",Don Hall,165000000,652127828,487127828
369,"Jul 9, 2010",Despicable Me,"$69,000,000","$251,513,985","$543,464,573",2010,"Animation,Comedy,Family",Pierre Coffin,69000000,543464573,474464573
368,"Jul 9, 2010",Despicable Me,"$69,000,000","$251,513,985","$543,464,573",2010,"Animation,Comedy,Family",Chris Renaud,69000000,543464573,474464573
149,"Jun 13, 2014",How to Train Your Dragon 2,"$145,000,000","$177,002,924","$614,586,270",2014,"Action,Adventure,Animation",Dean DeBlois,145000000,614586270,469586270
380,"Jul 13, 2018",Hotel Transylvania 3: Summer Vacation,"$65,000,000","$167,500,092","$527,079,962",2018,"Adventure,Animation,Comedy",Genndy Tartakovsky,65000000,527079962,462079962
220,"Jul 29, 2011",The Smurfs,"$110,000,000","$142,614,158","$563,749,323",2011,"Adventure,Animation,Comedy",Raja Gosnell,110000000,563749323,453749323
47,"Nov 16, 2018",Fantastic Beasts: The Crimes of Grindelwald,"$200,000,000","$159,555,901","$652,220,086",2018,"Adventure,Family,Fantasy",David Yates,200000000,652220086,452220086
91,"May 7, 2010",Iron Man 2,"$170,000,000","$312,433,331","$621,156,389",2010,"Action,Adventure,Sci-Fi",Jon Favreau,170000000,621156389,451156389
23,"Jun 14, 2013",Man of Steel,"$225,000,000","$291,045,518","$667,999,518",2013,"Action,Adventure,Sci-Fi",Zack Snyder,225000000,667999518,442999518
263,"Mar 13, 2015",Cinderella,"$95,000,000","$201,151,353","$534,551,353",2015,"Drama,Family,Fantasy",Kenneth Branagh,95000000,534551353,439551353
28,"May 25, 2012",Men in Black 3,"$215,000,000","$179,020,854","$654,213,485",2012,"Action,Adventure,Comedy",Barry Sonnenfeld,215000000,654213485,439213485
161,"Mar 22, 2013",The Croods,"$135,000,000","$187,168,425","$573,068,425",2013,"Action,Adventure,Animation",Chris Sanders,135000000,573068425,438068425
160,"Mar 22, 2013",The Croods,"$135,000,000","$187,168,425","$573,068,425",2013,"Action,Adventure,Animation",Kirk DeMicco,135000000,573068425,438068425
64,"May 24, 2019",Aladdin,"$182,000,000","$246,734,314","$619,234,314",2019,"Adventure,Comedy,Family",Guy Ritchie,182000000,619234314,437234314
137,"Mar 29, 2018",Ready Player One,"$150,000,000","$137,690,172","$579,290,136",2018,"Action,Adventure,Sci-Fi",Steven Spielberg,150000000,579290136,429290136
181,"Oct 28, 2011",Puss in Boots,"$130,000,000","$149,260,504","$554,987,477",2011,"Action,Adventure,Animation",Chris Miller,130000000,554987477,424987477
552,"Jul 25, 2014",Lucy,"$40,000,000","$126,573,960","$457,507,776",2014,"Action,Sci-Fi,Thriller",Luc Besson,40000000,457507776,417507776
195,"Dec 16, 2011",Sherlock Holmes: A Game of Shadows,"$125,000,000","$186,848,418","$535,663,443",2011,"Action,Adventure,Crime",Guy Ritchie,125000000,535663443,410663443
877,"Dec 9, 2016",La La Land,"$20,000,000","$151,101,803","$426,351,163",2016,"Comedy,Drama,Music",Damien Chazelle,20000000,426351163,406351163
162,"Dec 25, 2015",The Revenant,"$135,000,000","$183,637,894","$532,938,302",2015,"Action,Adventure,Biography",Alejandro G. Iñárritu,135000000,532938302,397938302
402,"Feb 7, 2014",The Lego Movie,"$60,000,000","$257,784,718","$457,729,388",2014,"Action,Adventure,Animation",Phil Lord,60000000,457729388,397729388
403,"Feb 7, 2014",The Lego Movie,"$60,000,000","$257,784,718","$457,729,388",2014,"Action,Adventure,Animation",Christopher Miller,60000000,457729388,397729388
276,"Apr 15, 2011",Rio,"$90,000,000","$143,619,809","$487,519,809",2011,"Adventure,Animation,Comedy",Carlos Saldanha,90000000,487519809,397519809
189,"Feb 22, 2019",How to Train Your Dragon: The Hidden World,"$129,000,000","$160,791,800","$519,258,283",2019,"Action,Adventure,Animation",Dean DeBlois,129000000,519258283,390258283
310,"Sep 25, 2015",Hotel Transylvania 2,"$80,000,000","$169,700,110","$469,500,298",2015,"Animation,Comedy,Family",Genndy Tartakovsky,80000000,469500298,389500298
175,"Jul 17, 2015",Ant-Man,"$130,000,000","$180,202,163","$518,858,449",2015,"Action,Adventure,Comedy",Peyton Reed,130000000,518858449,388858449
26,"Jun 21, 2017",Transformers: The Last Knight,"$217,000,000","$130,168,683","$602,893,340",2017,"Action,Adventure,Sci-Fi",Michael Bay,217000000,602893340,385893340
196,"Mar 31, 2017",The Boss Baby,"$125,000,000","$175,003,033","$510,878,762",2017,"Adventure,Animation,Comedy",Tom McGrath,125000000,510878762,385878762
272,"Aug 5, 2011",Rise of the Planet of the Apes,"$93,000,000","$176,760,185","$470,986,200",2011,"Action,Drama,Sci-Fi",Rupert Wyatt,93000000,470986200,377986200
154,"Jan 29, 2016",Kung Fu Panda 3,"$140,000,000","$143,528,619","$517,599,142",2016,"Action,Adventure,Animation",Jennifer Yuh Nelson,140000000,517599142,377599142
155,"Jan 29, 2016",Kung Fu Panda 3,"$140,000,000","$143,528,619","$517,599,142",2016,"Action,Adventure,Animation",Alessandro Carloni,140000000,517599142,377599142
61,"Mar 10, 2017",Kong: Skull Island,"$185,000,000","$168,052,812","$561,072,059",2017,"Action,Adventure,Fantasy",Jordan Vogt-Roberts,185000000,561072059,376072059
60,"Jun 22, 2012",Brave,"$185,000,000","$237,282,182","$554,606,532",2012,"Adventure,Animation,Comedy",Steve Purcell,185000000,554606532,369606532
59,"Jun 22, 2012",Brave,"$185,000,000","$237,282,182","$554,606,532",2012,"Adventure,Animation,Comedy",Brenda Chapman,185000000,554606532,369606532
58,"Jun 22, 2012",Brave,"$185,000,000","$237,282,182","$554,606,532",2012,"Adventure,Animation,Comedy",Mark Andrews,185000000,554606532,369606532
114,"May 16, 2014",Godzilla,"$160,000,000","$200,676,069","$529,076,069",2014,"Action,Adventure,Sci-Fi",Gareth Edwards,160000000,529076069,369076069
197,"Apr 1, 2010",Clash of the Titans,"$125,000,000","$163,214,888","$493,214,888",2010,"Action,Adventure,Fantasy",Louis Leterrier,125000000,493214888,368214888
73,"May 27, 2016",X-Men: Apocalypse,"$178,000,000","$155,442,489","$542,537,546",2016,"Action,Adventure,Sci-Fi",Bryan Singer,178000000,542537546,364537546
236,"Dec 21, 2018",Bumblebee,"$102,000,000","$127,195,589","$465,195,589",2018,"Action,Adventure,Sci-Fi",Travis Knight,102000000,465195589,363195589
183,"Apr 11, 2014",Rio 2,"$130,000,000","$131,538,435","$492,846,291",2014,"Adventure,Animation,Comedy",Carlos Saldanha,130000000,492846291,362846291
46,"Jun 24, 2011",Cars 2,"$200,000,000","$191,450,875","$560,155,383",2011,"Adventure,Animation,Comedy",Bradford Lewis,200000000,560155383,360155383
45,"Jun 24, 2011",Cars 2,"$200,000,000","$191,450,875","$560,155,383",2011,"Adventure,Animation,Comedy",John Lasseter,200000000,560155383,360155383
194,"Aug 8, 2014",Teenage Mutant Ninja Turtles,"$125,000,000","$191,204,754","$485,004,754",2014,"Action,Adventure,Comedy",Jonathan Liebesman,125000000,485004754,360004754
5,"Nov 17, 2017",Justice League,"$300,000,000","$229,024,295","$655,945,209",2017,"Action,Adventure,Fantasy",Zack Snyder,300000000,655945209,355945209
74,"Aug 10, 2018",The Meg,"$178,000,000","$145,443,742","$529,530,715",2018,"Action,Horror,Sci-Fi",Jon Turteltaub,178000000,529530715,351530715
240,"Dec 25, 2012",Django Unchained,"$100,000,000","$162,805,434","$449,948,323",2012,"Drama,Western",Quentin Tarantino,100000000,449948323,349948323
133,"Jul 21, 2017",Dunkirk,"$150,000,000","$190,068,280","$499,837,368",2017,"Action,Drama,History",Christopher Nolan,150000000,499837368,349837368
219,"May 29, 2015",San Andreas,"$110,000,000","$155,190,832","$456,258,539",2015,"Action,Adventure,Drama",Brad Peyton,110000000,456258539,346258539
54,"Jun 21, 2013",World War Z,"$190,000,000","$202,359,711","$531,514,650",2013,"Action,Adventure,Horror",Marc Forster,190000000,531514650,341514650
121,"Jul 14, 2017",War for the Planet of the Apes,"$152,000,000","$146,880,162","$489,592,267",2017,"Action,Adventure,Drama",Matt Reeves,152000000,489592267,337592267
513,"Oct 5, 2012",Taken 2,"$45,000,000","$139,854,287","$377,807,404",2012,"Action,Thriller",Olivier Megaton,45000000,377807404,332807404
107,"Nov 2, 2012",Wreck-It Ralph,"$165,000,000","$189,412,677","$496,511,521",2012,"Adventure,Animation,Comedy",Rich Moore,165000000,496511521,331511521
105,"Mar 26, 2010",How to Train Your Dragon,"$165,000,000","$217,581,232","$494,870,992",2010,"Action,Adventure,Animation",Dean DeBlois,165000000,494870992,329870992
106,"Mar 26, 2010",How to Train Your Dragon,"$165,000,000","$217,581,232","$494,870,992",2010,"Action,Adventure,Animation",Chris Sanders,165000000,494870992,329870992
11,"Nov 24, 2010",Tangled,"$260,000,000","$200,821,936","$586,477,240",2010,"Adventure,Animation,Comedy",Byron Howard,260000000,586477240,326477240
12,"Nov 24, 2010",Tangled,"$260,000,000","$200,821,936","$586,477,240",2010,"Adventure,Animation,Comedy",Nathan Greno,260000000,586477240,326477240
442,"Feb 10, 2017",Fifty Shades Darker,"$55,000,000","$114,434,010","$381,398,492",2017,"Drama,Romance",James Foley,55000000,381398492,326398492
1067,"Dec 3, 2010",Black Swan,"$13,000,000","$106,954,678","$331,266,710",2010,"Drama,Thriller",Darren Aronofsky,13000000,331266710,318266710
995,"Apr 6, 2018",A Quiet Place,"$17,000,000","$188,024,361","$334,522,294",2018,"Drama,Horror,Sci-Fi",John Krasinski,17000000,334522294,317522294
446,"Feb 9, 2018",Fifty Shades Freed,"$55,000,000","$100,407,760","$371,350,619",2018,"Drama,Romance,Thriller",James Foley,55000000,371350619,316350619
672,"Sep 19, 2014",The Maze Runner,"$34,000,000","$102,427,862","$348,319,861",2014,"Action,Mystery,Sci-Fi",Wes Ball,34000000,348319861,314319861
549,"Jun 11, 2010",The Karate Kid,"$40,000,000","$176,591,618","$351,774,938",2010,"Action,Drama,Family",Harald Zwart,40000000,351774938,311774938
206,"Apr 13, 2018",Rampage,"$120,000,000","$101,028,233","$428,056,280",2018,"Action,Adventure,Sci-Fi",Brad Peyton,120000000,428056280,308056280
399,"Oct 3, 2014",Gone Girl,"$61,000,000","$167,767,189","$368,567,189",2014,"Drama,Mystery,Thriller",David Fincher,61000000,368567189,307567189
234,"Sep 22, 2017",Kingsman: The Golden Circle,"$104,000,000","$100,234,838","$408,803,696",2017,"Action,Adventure,Comedy",Matthew Vaughn,104000000,408803696,304803696
303,"Dec 20, 2017",The Greatest Showman,"$84,000,000","$174,340,174","$386,665,550",2017,"Biography,Drama,Musical",Michael Gracey,84000000,386665550,302665550
214,"Jul 26, 2013",The Wolverine,"$115,000,000","$132,556,852","$416,456,852",2013,"Action,Adventure,Sci-Fi",James Mangold,115000000,416456852,301456852
134,"May 6, 2011",Thor,"$150,000,000","$181,030,624","$449,326,618",2011,"Action,Adventure,Fantasy",Kenneth Branagh,150000000,449326618,299326618
840,"Nov 16, 2018",Green Book,"$23,000,000","$85,080,171","$322,034,439",2018,"Biography,Comedy,Drama",Peter Farrelly,23000000,322034439,299034439
878,"Jul 19, 2013",The Conjuring,"$20,000,000","$137,400,141","$318,000,141",2013,"Horror,Mystery,Thriller",James Wan,20000000,318000141,298000141
232,"Jul 22, 2016",Ice Age: Collision Course,"$105,000,000","$64,063,008","$402,156,682",2016,"Adventure,Animation,Comedy",Mike Thurmeier,105000000,402156682,297156682
233,"Jul 22, 2016",Ice Age: Collision Course,"$105,000,000","$64,063,008","$402,156,682",2016,"Adventure,Animation,Comedy",Galen T. Chu,105000000,402156682,297156682
471,"Feb 9, 2018",Peter Rabbit,"$50,000,000","$115,234,093","$347,136,477",2018,"Adventure,Animation,Comedy",Will Gluck,50000000,347136477,297136477
204,"Jul 29, 2016",Jason Bourne,"$120,000,000","$162,192,920","$416,168,316",2016,"Action,Thriller",Paul Greengrass,120000000,416168316,296168316
1096,"Jun 6, 2014",The Fault in Our Stars,"$12,000,000","$124,872,350","$307,166,834",2014,"Drama,Romance",Josh Boone,12000000,307166834,295166834
294,"Sep 28, 2012",Hotel Transylvania,"$85,000,000","$148,313,048","$378,505,812",2012,"Animation,Comedy,Family",Genndy Tartakovsky,85000000,378505812,293505812
444,"Nov 10, 2017",Murder on the Orient Express,"$55,000,000","$102,826,543","$345,922,730",2017,"Crime,Drama,Mystery",Kenneth Branagh,55000000,345922730,290922730
1020,"Aug 11, 2017",Annabelle: Creation,"$15,000,000","$102,092,201","$305,384,865",2017,"Horror,Mystery,Thriller",David F. Sandberg,15000000,305384865,290384865
42,"Mar 8, 2013",Oz the Great and Powerful,"$200,000,000","$234,770,996","$490,359,051",2013,"Adventure,Family,Fantasy",Sam Raimi,200000000,490359051,290359051
243,"Dec 25, 2013",The Wolf of Wall Street,"$100,000,000","$116,900,694","$389,870,414",2013,"Biography,Crime,Drama",Martin Scorsese,100000000,389870414,289870414
1222,"Dec 21, 2016",Dangal,"$9,500,000","$12,391,761","$294,654,618",2016,"Action,Biography,Drama",Nitesh Tiwari,9500000,294654618,285154618
879,"Nov 17, 2017",Wonder,"$20,000,000","$132,422,809","$304,604,712",2017,"Drama,Family",Stephen Chbosky,20000000,304604712,284604712
466,"Jun 13, 2014",22 Jump Street,"$50,000,000","$191,719,337","$331,333,876",2014,"Action,Comedy,Crime",Christopher Miller,50000000,331333876,281333876
465,"Jun 13, 2014",22 Jump Street,"$50,000,000","$191,719,337","$331,333,876",2014,"Action,Comedy,Crime",Phil Lord,50000000,331333876,281333876
351,"May 20, 2016",The Angry Birds Movie,"$73,000,000","$107,509,366","$352,327,887",2016,"Action,Animation,Comedy",Fergal Reilly,73000000,352327887,279327887
350,"May 20, 2016",The Angry Birds Movie,"$73,000,000","$107,509,366","$352,327,887",2016,"Action,Animation,Comedy",Clay Kaytis,73000000,352327887,279327887
295,"Apr 5, 2019",Shazam!,"$85,000,000","$139,606,856","$362,899,733",2019,"Action,Adventure,Comedy",David F. Sandberg,85000000,362899733,277899733
200,"Jun 8, 2012",Prometheus,"$125,000,000","$126,477,084","$402,448,265",2012,"Adventure,Mystery,Sci-Fi",Ridley Scott,125000000,402448265,277448265
53,"May 16, 2013",Star Trek Into Darkness,"$190,000,000","$228,778,661","$467,381,584",2013,"Action,Adventure,Sci-Fi",J.J. Abrams,190000000,467381584,277381584
312,"Dec 16, 2011",Alvin and the Chipmunks: Chipwrecked,"$80,000,000","$133,107,389","$349,088,523",2011,"Adventure,Animation,Comedy",Mike Mitchell,80000000,349088523,269088523
340,"May 31, 2013",Now You See Me,"$75,000,000","$117,723,989","$342,769,200",2013,"Crime,Mystery,Thriller",Louis Leterrier,75000000,342769200,267769200
117,"Jun 10, 2016",Warcraft,"$160,000,000","$47,225,655","$425,522,281",2016,"Action,Adventure,Fantasy",Duncan Jones,160000000,425522281,265522281
119,"Dec 10, 2010",The Chronicles of Narnia: The Voyage of the Dawn Treader,"$155,000,000","$104,386,950","$418,186,950",2010,"Adventure,Family,Fantasy",Michael Apted,155000000,418186950,263186950
301,"Jan 20, 2017",xXx: Return of Xander Cage,"$85,000,000","$44,898,413","$345,033,359",2017,"Action,Adventure,Thriller",D.J. Caruso,85000000,345033359,260033359
753,"May 15, 2015",Pitch Perfect 2,"$29,000,000","$184,296,230","$287,625,468",2015,"Comedy,Music",Elizabeth Banks,29000000,287625468,258625468
679,"May 13, 2011",Bridesmaids,"$32,500,000","$169,211,718","$289,632,023",2011,"Comedy,Romance",Paul Feig,32500000,289632023,257132023
177,"Mar 27, 2015",Home,"$130,000,000","$177,397,510","$385,997,896",2015,Documentary,Ryan Lee,130000000,385997896,255997896
179,"Mar 27, 2015",Home,"$130,000,000","$177,397,510","$385,997,896",2015,Documentary,Asaf Lavi Harel,130000000,385997896,255997896
176,"Mar 27, 2015",Home,"$130,000,000","$177,397,510","$385,997,896",2015,"Adventure,Animation,Comedy",Tim Johnson,130000000,385997896,255997896
178,"Mar 27, 2015",Home,"$130,000,000","$177,397,510","$385,997,896",2015,Drama,Ben Ducker,130000000,385997896,255997896
964,"May 9, 2014",Neighbors,"$18,000,000","$150,086,800","$270,944,428",2014,Comedy,Nicholas Stoller,18000000,270944428,252944428
1324,"Feb 24, 2017",Get Out,"$5,000,000","$176,040,665","$255,367,951",2017,"Horror,Mystery,Thriller",Jordan Peele,5000000,255367951,250367951
1296,"Oct 3, 2014",Annabelle,"$6,500,000","$84,273,813","$256,862,920",2014,"Horror,Mystery,Thriller",John R. Leonetti,6500000,256862920,250362920
400,"Sep 18, 2015",Maze Runner: The Scorch Trials,"$61,000,000","$81,697,192","$310,566,162",2015,"Action,Sci-Fi,Thriller",Wes Ball,61000000,310566162,249566162
1145,"Oct 19, 2018",Halloween,"$10,000,000","$159,342,015","$254,900,667",2018,"Horror,Thriller",David Gordon Green,10000000,254900667,244900667
186,"Dec 21, 2011",The Adventures of Tintin,"$130,000,000","$77,591,831","$373,993,951",2011,"Action,Adventure,Animation",Steven Spielberg,130000000,373993951,243993951
325,"Feb 10, 2012",Journey 2: The Mysterious Island,"$79,000,000","$103,860,290","$318,146,162",2012,"Action,Adventure,Comedy",Brad Peyton,79000000,318146162,239146162
226,"Jul 31, 2013",The Smurfs 2,"$110,000,000","$71,017,784","$348,547,523",2013,"Adventure,Animation,Comedy",Raja Gosnell,110000000,348547523,238547523
438,"Sep 10, 2010",Resident Evil: Afterlife,"$57,500,000","$60,128,566","$295,874,190",2010,"Action,Adventure,Horror",Paul W.S. Anderson,57500000,295874190,238374190
282,"Jun 10, 2016",Now You See Me 2,"$90,000,000","$65,075,540","$328,325,007",2016,"Action,Adventure,Comedy",Jon M. Chu,90000000,328325007,238325007
348,"Feb 6, 2015",The SpongeBob Movie: Sponge Out of Water,"$74,000,000","$162,994,032","$311,013,181",2015,"Adventure,Animation,Comedy",Mike Mitchell,74000000,311013181,237013181
349,"Feb 6, 2015",The SpongeBob Movie: Sponge Out of Water,"$74,000,000","$162,994,032","$311,013,181",2015,"Adventure,Animation,Comedy",Paul Tibbitt,74000000,311013181,237013181
156,"Mar 27, 2013",G.I. Joe: Retaliation,"$140,000,000","$122,523,060","$375,740,705",2013,"Action,Adventure,Sci-Fi",Jon M. Chu,140000000,375740705,235740705
172,"Nov 26, 2014",Penguins of Madagascar,"$132,000,000","$83,350,911","$366,942,531",2014,"Adventure,Animation,Comedy",Simon J. Smith,132000000,366942531,234942531
171,"Nov 26, 2014",Penguins of Madagascar,"$132,000,000","$83,350,911","$366,942,531",2014,"Adventure,Animation,Comedy",Eric Darnell,132000000,366942531,234942531
876,"Mar 22, 2019",Us,"$20,000,000","$175,006,930","$254,210,310",2019,"Horror,Mystery,Thriller",Jordan Peele,20000000,254210310,234210310
740,"Apr 28, 2017",Baahubali 2: The Conclusion,"$30,000,000","$18,985,794","$263,502,914",2017,"Action,Drama",S.S. Rajamouli,30000000,263502914,233502914
98,"Feb 14, 2019",Alita: Battle Angel,"$170,000,000","$85,710,210","$402,976,036",2019,"Action,Adventure,Sci-Fi",Robert Rodriguez,170000000,402976036,232976036
95,"Jun 1, 2012",Snow White and the Huntsman,"$170,000,000","$155,136,755","$401,021,746",2012,"Action,Adventure,Drama",Rupert Sanders,170000000,401021746,231021746
612,"Aug 7, 2013",We're the Millers,"$37,000,000","$150,394,119","$267,816,276",2013,"Comedy,Crime",Rawson Marshall Thurber,37000000,267816276,230816276
309,"Feb 10, 2017",The Lego Batman Movie,"$80,000,000","$175,750,384","$310,660,018",2017,"Action,Animation,Comedy",Chris McKay,80000000,310660018,230660018
153,"Jul 22, 2011",Captain America: The First Avenger,"$140,000,000","$176,654,505","$370,569,776",2011,"Action,Adventure,Sci-Fi",Joe Johnston,140000000,370569776,230569776
191,"Dec 19, 2014",Night at the Museum: Secret of the Tomb,"$127,000,000","$113,746,621","$353,756,621",2014,"Adventure,Comedy,Family",Shawn Levy,127000000,353756621,226756621
883,"Jan 18, 2019",Glass,"$20,000,000","$111,035,005","$245,303,505",2019,"Drama,Sci-Fi,Thriller",M. Night Shyamalan,20000000,245303505,225303505
185,"Mar 28, 2014",Noah,"$130,000,000","$101,200,044","$352,831,065",2014,"Action,Adventure,Drama",Darren Aronofsky,130000000,352831065,222831065
56,"Jul 12, 2013",Pacific Rim,"$190,000,000","$101,802,906","$411,002,906",2013,"Action,Adventure,Sci-Fi",Guillermo del Toro,190000000,411002906,221002906
221,"Mar 7, 2014",300: Rise of an Empire,"$110,000,000","$106,580,051","$330,780,051",2014,"Action,Fantasy,War",Noam Murro,110000000,330780051,220780051
136,"May 15, 2015",Mad Max: Fury Road,"$150,000,000","$153,636,354","$370,098,020",2015,"Action,Adventure,Sci-Fi",George Miller,150000000,370098020,220098020
313,"Feb 19, 2010",Shutter Island,"$80,000,000","$128,012,934","$299,461,782",2010,"Mystery,Thriller",Martin Scorsese,80000000,299461782,219461782
109,"Jun 24, 2016",Independence Day: Resurgence,"$165,000,000","$103,144,286","$384,169,424",2016,"Action,Adventure,Sci-Fi",Roland Emmerich,165000000,384169424,219169424
198,"Nov 4, 2016",Trolls,"$125,000,000","$153,707,064","$344,150,134",2016,"Adventure,Animation,Comedy",Walt Dohrn,125000000,344150134,219150134
199,"Nov 4, 2016",Trolls,"$125,000,000","$153,707,064","$344,150,134",2016,"Adventure,Animation,Comedy",Mike Mitchell,125000000,344150134,219150134
551,"Dec 13, 2013",American Hustle,"$40,000,000","$150,117,807","$257,878,294",2013,"Crime,Drama",David O. Russell,40000000,257878294,217878294
626,"Dec 22, 2010",True Grit,"$35,000,000","$171,243,005","$252,276,928",2010,"Adventure,Drama,Western",Ethan Coen,35000000,252276928,217276928
627,"Dec 22, 2010",True Grit,"$35,000,000","$171,243,005","$252,276,928",2010,"Adventure,Drama,Western",Joel Coen,35000000,252276928,217276928
865,"Nov 16, 2012",Silver Linings Playbook,"$21,000,000","$132,092,958","$236,412,453",2012,"Comedy,Drama,Romance",David O. Russell,21000000,236412453,215412453
50,"Jun 9, 2017",The Mummy,"$195,000,000","$80,101,125","$409,953,905",2017,"Action,Adventure,Fantasy",Alex Kurtzman,195000000,409953905,214953905
1021,"Nov 28, 2014",The Imitation Game,"$15,000,000","$91,125,143","$227,740,463",2014,"Biography,Drama,Thriller",Morten Tyldum,15000000,227740463,212740463
273,"Feb 14, 2013",A Good Day to Die Hard,"$92,000,000","$67,349,198","$304,249,198",2013,"Action,Thriller",John Moore,92000000,304249198,212249198
245,"Aug 17, 2012",The Expendables 2,"$100,000,000","$85,028,192","$311,979,256",2012,"Action,Adventure,Thriller",Simon West,100000000,311979256,211979256
180,"Dec 19, 2018",Mary Poppins Returns,"$130,000,000","$171,958,438","$341,528,518",2018,"Comedy,Family,Fantasy",Rob Marshall,130000000,341528518,211528518
241,"Dec 22, 2010",Little Fockers,"$100,000,000","$148,438,600","$310,650,574",2010,"Comedy,Romance",Paul Weitz,100000000,310650574,210650574
86,"Jun 16, 2017",Cars 3,"$175,000,000","$152,901,115","$383,541,369",2017,"Adventure,Animation,Comedy",Brian Fee,175000000,383541369,208541369
379,"Nov 9, 2012",Lincoln,"$65,000,000","$182,207,973","$273,346,281",2012,"Biography,Drama,History",Steven Spielberg,65000000,273346281,208346281
698,"Aug 15, 2018",Crazy Rich Asians,"$30,000,000","$174,532,921","$238,099,711",2018,"Comedy,Romance",Jon M. Chu,30000000,238099711,208099711
469,"Jun 10, 2011",Super 8,"$50,000,000","$127,004,179","$257,972,745",2011,"Mystery,Sci-Fi,Thriller",J.J. Abrams,50000000,257972745,207972745
789,"Dec 25, 2016",Hidden Figures,"$25,000,000","$169,607,287","$231,771,716",2016,"Biography,Drama,History",Theodore Melfi,25000000,231771716,206771716
1325,"Oct 21, 2011",Paranormal Activity 3,"$5,000,000","$104,028,807","$207,039,844",2011,"Horror,Mystery,Thriller",Henry Joost,5000000,207039844,202039844
1326,"Oct 21, 2011",Paranormal Activity 3,"$5,000,000","$104,028,807","$207,039,844",2011,"Horror,Mystery,Thriller",Ariel Schulman,5000000,207039844,202039844
267,"May 27, 2010",Sex and the City 2,"$95,000,000","$95,347,692","$294,680,778",2010,"Comedy,Drama,Romance",Michael Patrick King,95000000,294680778,199680778
339,"Jun 25, 2010",Grown Ups,"$75,000,000","$162,001,186","$272,223,430",2010,Comedy,Dennis Dugan,75000000,272223430,197223430
952,"Jun 24, 2011",Bad Teacher,"$19,000,000","$100,292,856","$215,448,997",2011,"Comedy,Romance",Jake Kasdan,19000000,215448997,196448997
328,"Sep 27, 2013",Cloudy with a Chance of Meatballs 2,"$78,000,000","$119,793,567","$274,392,649",2013,"Adventure,Animation,Comedy",Kris Pearn,78000000,274392649,196392649
327,"Sep 27, 2013",Cloudy with a Chance of Meatballs 2,"$78,000,000","$119,793,567","$274,392,649",2013,"Adventure,Animation,Comedy",Cody Cameron,78000000,274392649,196392649
115,"Jun 3, 2011",X-Men: First Class,"$160,000,000","$146,408,305","$355,408,305",2011,"Action,Adventure,Sci-Fi",Matthew Vaughn,160000000,355408305,195408305
671,"Jun 28, 2017",Baby Driver,"$34,000,000","$107,825,862","$228,104,185",2017,"Action,Crime,Drama",Edgar Wright,34000000,228104185,194104185
75,"Jun 6, 2014",Edge of Tomorrow,"$178,000,000","$100,206,256","$370,541,256",2014,"Action,Sci-Fi",Doug Liman,178000000,370541256,192541256
222,"Dec 21, 2016",Passengers,"$110,000,000","$100,014,699","$302,239,672",2016,"Drama,Romance,Sci-Fi",Morten Tyldum,110000000,302239672,192239672
182,"Nov 5, 2010",Megamind,"$130,000,000","$148,415,853","$321,887,208",2010,"Action,Animation,Comedy",Tom McGrath,130000000,321887208,191887208
293,"Mar 21, 2014",Divergent,"$85,000,000","$150,947,895","$276,014,965",2014,"Action,Adventure,Mystery",Neil Burger,85000000,276014965,191014965
889,"Jun 3, 2016",Me Before You,"$20,000,000","$56,245,075","$208,265,198",2016,"Drama,Romance",Thea Sharrock,20000000,208265198,188265198
788,"Aug 10, 2011",The Help,"$25,000,000","$169,705,587","$213,120,004",2011,Drama,Tate Taylor,25000000,213120004,188120004
478,"Apr 6, 2012",American Reunion,"$50,000,000","$56,758,835","$236,799,211",2012,Comedy,Jon Hurwitz,50000000,236799211,186799211
479,"Apr 6, 2012",American Reunion,"$50,000,000","$56,758,835","$236,799,211",2012,Comedy,Hayden Schlossberg,50000000,236799211,186799211
536,"Jun 28, 2013",The Heat,"$43,000,000","$159,581,587","$229,727,774",2013,"Action,Comedy,Crime",Paul Feig,43000000,229727774,186727774
305,"Aug 13, 2010",The Expendables,"$82,000,000","$103,068,524","$268,268,174",2010,"Action,Adventure,Thriller",Sylvester Stallone,82000000,268268174,186268174
554,"Oct 1, 2010",The Social Network,"$40,000,000","$96,962,694","$224,922,135",2010,"Biography,Drama",David Fincher,40000000,224922135,184922135
143,"Feb 17, 2017",The Great Wall,"$150,000,000","$45,157,105","$334,486,852",2017,Documentary,Tadhg O'Sullivan,150000000,334486852,184486852
283,"Mar 16, 2018",Tomb Raider,"$90,000,000","$58,250,803","$273,477,501",2018,"Action,Adventure,Fantasy",Roar Uthaug,90000000,273477501,183477501
532,"Oct 12, 2012",Argo,"$44,500,000","$136,025,503","$227,140,757",2012,"Biography,Drama,Thriller",Ben Affleck,44500000,227140757,182640757
202,"Jul 13, 2018",Skyscraper,"$125,000,000","$68,420,120","$304,115,534",2018,"Action,Adventure,Thriller",Rawson Marshall Thurber,125000000,304115534,179115534
216,"Dec 15, 2017",Ferdinand,"$111,000,000","$84,410,380","$289,847,930",2017,"Adventure,Animation,Comedy",Carlos Saldanha,111000000,289847930,178847930
249,"Dec 10, 2010",The Tourist,"$100,000,000","$67,631,157","$278,731,369",2010,"Action,Adventure,Thriller",Florian Henckel von Donnersmarck,100000000,278731369,178731369
404,"Sep 9, 2016",Sully,"$60,000,000","$125,070,033","$238,524,556",2016,"Biography,Drama",Clint Eastwood,60000000,238524556,178524556
629,"Jul 8, 2011",Horrible Bosses,"$35,000,000","$117,538,559","$212,417,601",2011,"Comedy,Crime",Seth Gordon,35000000,212417601,177417601
949,"Dec 1, 2017",The Shape of Water,"$19,500,000","$63,859,435","$195,790,794",2017,"Adventure,Drama,Fantasy",Guillermo del Toro,19500000,195790794,176290794
390,"Sep 14, 2012",Resident Evil: Retribution,"$65,000,000","$42,345,531","$240,647,629",2012,"Action,Horror,Sci-Fi",Paul W.S. Anderson,65000000,240647629,175647629
96,"Mar 29, 2019",Dumbo,"$170,000,000","$113,883,318","$345,004,422",2019,"Adventure,Family,Fantasy",Tim Burton,170000000,345004422,175004422
1425,"Oct 20, 2010",Paranormal Activity 2,"$3,000,000","$84,752,907","$177,512,032",2010,Horror,Tod Williams,3000000,177512032,174512032
758,"Aug 14, 2015",Straight Outta Compton,"$28,000,000","$161,197,785","$202,182,981",2015,"Biography,Drama,History",F. Gary Gray,28000000,202182981,174182981
473,"Feb 28, 2014",Non-Stop,"$50,000,000","$91,742,160","$222,383,055",2014,"Action,Mystery,Thriller",Jaume Collet-Serra,50000000,222383055,172383055
138,"Jul 1, 2010",The Last Airbender,"$150,000,000","$131,772,187","$319,713,881",2010,"Action,Adventure,Family",M. Night Shyamalan,150000000,319713881,169713881
68,"Jul 1, 2016",The Legend of Tarzan,"$180,000,000","$126,643,061","$348,902,025",2016,"Action,Adventure,Drama",David Yates,180000000,348902025,168902025
208,"Apr 19, 2013",Oblivion,"$120,000,000","$89,107,235","$287,916,633",2013,"Action,Adventure,Sci-Fi",Joseph Kosinski,120000000,287916633,167916633
699,"Feb 10, 2012",The Vow,"$30,000,000","$125,014,030","$197,618,160",2012,"Drama,Romance",Michael Sucsy,30000000,197618160,167618160
467,"Jun 17, 2016",Central Intelligence,"$50,000,000","$127,440,871","$217,194,805",2016,"Action,Comedy,Crime",Rawson Marshall Thurber,50000000,217194805,167194805
311,"Jul 12, 2013",Grown Ups 2,"$80,000,000","$133,668,525","$247,023,808",2013,Comedy,Dennis Dugan,80000000,247023808,167023808
474,"Jul 28, 2017",The Emoji Movie,"$50,000,000","$86,089,513","$216,562,312",2017,"Adventure,Animation,Comedy",Tony Leondis,50000000,216562312,166562312
207,"Aug 9, 2013",Elysium,"$120,000,000","$93,050,117","$286,192,091",2013,"Action,Drama,Sci-Fi",Neill Blomkamp,120000000,286192091,166192091
443,"Oct 11, 2013",Captain Phillips,"$55,000,000","$107,136,417","$220,648,184",2013,"Biography,Drama,Thriller",Paul Greengrass,55000000,220648184,165648184
460,"Feb 12, 2010",Valentine's Day,"$52,000,000","$110,485,654","$217,569,328",2010,"Comedy,Romance",Garry Marshall,52000000,217569328,165569328
480,"Jan 25, 2013",Hansel & Gretel: Witch Hunters,"$50,000,000","$55,703,475","$214,949,716",2013,"Action,Fantasy,Horror",Tommy Wirkola,50000000,214949716,164949716
470,"Nov 21, 2018",Creed II,"$50,000,000","$115,715,889","$213,591,522",2018,"Drama,Sport",Steven Caple Jr.,50000000,213591522,163591522
1273,"Jun 29, 2012",Magic Mike,"$7,000,000","$113,721,571","$170,549,753",2012,"Comedy,Drama",Steven Soderbergh,7000000,170549753,163549753
244,"May 24, 2013",Epic,"$100,000,000","$107,518,682","$262,794,441",2013,"Adventure,Animation,Family",Chris Wedge,100000000,262794441,162794441
151,"Nov 21, 2012",Rise of the Guardians,"$145,000,000","$103,412,758","$306,900,902",2012,"Action,Adventure,Animation",Peter Ramsey,145000000,306900902,161900902
55,"May 10, 2013",The Great Gatsby,"$190,000,000","$144,840,419","$351,040,419",2013,"Drama,Romance",Baz Luhrmann,190000000,351040419,161040419
888,"Oct 18, 2013",12 Years a Slave,"$20,000,000","$56,671,993","$181,025,343",2013,"Biography,Drama,History",Steve McQueen,20000000,181025343,161025343
882,"Jul 29, 2016",Bad Moms,"$20,000,000","$113,257,297","$180,998,716",2016,Comedy,Scott Moore,20000000,180998716,160998716
881,"Jul 29, 2016",Bad Moms,"$20,000,000","$113,257,297","$180,998,716",2016,Comedy,Jon Lucas,20000000,180998716,160998716
539,"Mar 16, 2012",21 Jump Street,"$42,000,000","$138,447,667","$202,812,429",2012,"Action,Comedy,Crime",Christopher Miller,42000000,202812429,160812429
538,"Mar 16, 2012",21 Jump Street,"$42,000,000","$138,447,667","$202,812,429",2012,"Action,Comedy,Crime",Phil Lord,42000000,202812429,160812429
184,"Jul 23, 2010",Salt,"$130,000,000","$118,311,368","$290,650,494",2010,"Action,Mystery,Thriller",Phillip Noyce,130000000,290650494,160650494
279,"Dec 18, 2015",Alvin and the Chipmunks: The Road Chip,"$90,000,000","$85,886,987","$249,517,956",2015,"Adventure,Animation,Comedy",Walt Becker,90000000,249517956,159517956
1148,"Jan 5, 2018",Insidious: The Last Key,"$10,000,000","$67,745,330","$167,885,588",2018,"Horror,Mystery,Thriller",Adam Robitel,10000000,167885588,157885588
406,"Dec 21, 2012",Jack Reacher,"$60,000,000","$80,070,736","$217,370,736",2012,"Action,Crime,Thriller",Christopher McQuarrie,60000000,217370736,157370736
561,"Sep 25, 2015",The Intern,"$40,000,000","$75,764,672","$197,115,710",2015,"Comedy,Drama",Nancy Meyers,40000000,197115710,157115710
440,"Dec 25, 2014",Into the Woods,"$56,200,000","$128,002,372","$213,116,401",2014,"Adventure,Comedy,Drama",Rob Marshall,56200000,213116401,156916401
389,"Sep 18, 2015",Everest,"$65,000,000","$43,482,270","$221,297,061",2015,"Action,Adventure,Biography",Baltasar Kormákur,65000000,221297061,156297061
509,"Nov 11, 2016",Arrival,"$47,000,000","$100,546,139","$203,127,894",2016,"Drama,Mystery,Sci-Fi",Denis Villeneuve,47000000,203127894,156127894
885,"Nov 16, 2011",The Descendants,"$20,000,000","$82,624,961","$175,507,800",2011,"Comedy,Drama",Alexander Payne,20000000,175507800,155507800
201,"Aug 10, 2012",The Bourne Legacy,"$125,000,000","$113,203,870","$280,355,920",2012,"Action,Adventure,Thriller",Tony Gilroy,125000000,280355920,155355920
139,"Mar 30, 2012",Wrath of the Titans,"$150,000,000","$83,670,083","$305,270,083",2012,"Action,Adventure,Fantasy",Jonathan Liebesman,150000000,305270083,155270083
560,"Apr 25, 2014",The Other Woman,"$40,000,000","$83,911,193","$195,111,193",2014,"Comedy,Romance",Nick Cassavetes,40000000,195111193,155111193
280,"Jul 24, 2015",Pixels,"$90,000,000","$78,765,986","$244,041,804",2015,"Action,Comedy,Sci-Fi",Chris Columbus,90000000,244041804,154041804
224,"Oct 7, 2011",Real Steel,"$110,000,000","$85,463,309","$263,880,341",2011,"Action,Drama,Family",Shawn Levy,110000000,263880341,153880341
164,"Jul 17, 2013",Turbo,"$135,000,000","$83,028,130","$286,896,578",2013,"Adventure,Animation,Comedy",David Soren,135000000,286896578,151896578
880,"Oct 15, 2010",Jackass 3D,"$20,000,000","$117,229,692","$171,685,793",2010,"Action,Comedy,Documentary",Jeff Tremaine,20000000,171685793,151685793
259,"Nov 6, 2015",The Peanuts Movie,"$99,000,000","$130,178,411","$250,091,610",2015,"Adventure,Animation,Comedy",Steve Martino,99000000,250091610,151091610
62,"Jul 22, 2016",Star Trek Beyond,"$185,000,000","$158,848,340","$335,802,233",2016,"Action,Adventure,Sci-Fi",Justin Lin,185000000,335802233,150802233
360,"Oct 10, 2014",Dracula Untold,"$70,000,000","$55,991,880","$220,241,723",2014,"Action,Drama,Fantasy",Gary Shore,70000000,220241723,150241723
277,"Dec 20, 2011",The Girl with the Dragon Tattoo,"$90,000,000","$102,515,793","$239,373,970",2011,"Crime,Drama,Mystery",David Fincher,90000000,239373970,149373970
373,"Jun 26, 2015",Ted 2,"$68,000,000","$81,476,385","$217,214,143",2015,Comedy,Seth MacFarlane,68000000,217214143,149214143
1102,"Nov 10, 2017","Three Billboards Outside Ebbing, Missouri","$12,000,000","$54,513,740","$160,191,915",2017,"Crime,Drama",Martin McDonagh,12000000,160191915,148191915
700,"Aug 16, 2013",Lee Daniels' The Butler,"$30,000,000","$116,632,095","$177,025,498",2013,"Biography,Drama",Lee Daniels,30000000,177025498,147025498
382,"Nov 5, 2010",Due Date,"$65,000,000","$100,539,043","$211,739,043",2010,"Adventure,Comedy",Todd Phillips,65000000,211739043,146739043
405,"Aug 13, 2010",Eat Pray Love,"$60,000,000","$80,574,010","$206,598,789",2010,"Drama,Romance",Ryan Murphy,60000000,206598789,146598789
57,"Nov 25, 2015",The Good Dinosaur,"$187,500,000","$123,087,120","$333,771,037",2015,"Adventure,Animation,Comedy",Peter Sohn,187500000,333771037,146271037
345,"Oct 28, 2016",Inferno,"$75,000,000","$34,343,574","$219,519,367",2016,"Action,Adventure,Crime",Ron Howard,75000000,219519367,144519367
1329,"Jul 22, 2016",Lights Out,"$5,000,000","$67,268,835","$148,806,510",2016,Documentary,Jose G. Ramos,5000000,148806510,143806510
1328,"Jul 22, 2016",Lights Out,"$5,000,000","$67,268,835","$148,806,510",2016,"Drama,Horror,Mystery",David F. Sandberg,5000000,148806510,143806510
246,"Jul 25, 2014",Hercules,"$100,000,000","$72,688,614","$243,388,614",2014,"Action,Adventure,Fantasy",Brett Ratner,100000000,243388614,143388614
212,"Jun 23, 2010",Knight and Day,"$117,000,000","$76,423,035","$258,751,370",2010,"Action,Adventure,Comedy",James Mangold,117000000,258751370,141751370
262,"May 19, 2017",Alien: Covenant,"$97,000,000","$74,262,031","$238,521,247",2017,"Horror,Sci-Fi,Thriller",Ridley Scott,97000000,238521247,141521247
514,"Dec 22, 2017",Pitch Perfect 3,"$45,000,000","$104,897,530","$185,736,412",2017,"Comedy,Music",Trish Sie,45000000,185736412,140736412
703,"Sep 28, 2012",Looper,"$30,000,000","$66,486,205","$170,466,405",2012,"Action,Crime,Drama",Rian Johnson,30000000,170466405,140466405
628,"Feb 8, 2013",Identity Thief,"$35,000,000","$134,506,920","$175,361,578",2013,"Adventure,Comedy,Crime",Seth Gordon,35000000,175361578,140361578
445,"Sep 26, 2014",The Equalizer,"$55,000,000","$101,530,738","$192,903,624",2014,"Action,Crime,Thriller",Antoine Fuqua,55000000,192903624,137903624
1332,"Oct 19, 2012",Paranormal Activity 4,"$5,000,000","$53,900,335","$142,817,992",2012,"Horror,Mystery,Thriller",Henry Joost,5000000,142817992,137817992
1333,"Oct 19, 2012",Paranormal Activity 4,"$5,000,000","$53,900,335","$142,817,992",2012,"Horror,Mystery,Thriller",Ariel Schulman,5000000,142817992,137817992
420,"Apr 7, 2017",Smurfs: The Lost Village,"$60,000,000","$45,020,282","$197,578,586",2017,"Adventure,Animation,Comedy",Kelly Asbury,60000000,197578586,137578586
1103,"Nov 25, 2016",Lion,"$12,000,000","$51,739,495","$149,570,720",2016,"Biography,Drama",Garth Davis,12000000,149570720,137570720
613,"Nov 25, 2015",Creed,"$37,000,000","$109,767,581","$173,567,581",2015,"Drama,Sport",Ryan Coogler,37000000,173567581,136567581
342,"Nov 11, 2011",Immortals,"$75,000,000","$83,504,017","$211,562,435",2011,"Action,Drama,Fantasy",Tarsem Singh,75000000,211562435,136562435
120,"Mar 23, 2018",Pacific Rim: Uprising,"$155,000,000","$59,874,525","$290,930,148",2018,"Action,Adventure,Sci-Fi",Steven S. DeKnight,155000000,290930148,135930148
720,"Aug 6, 2010",Step Up 3D,"$30,000,000","$42,400,223","$165,889,117",2010,"Drama,Music,Romance",Jon M. Chu,30000000,165889117,135889117
408,"Mar 4, 2016",London Has Fallen,"$60,000,000","$62,524,260","$195,194,085",2016,"Action,Thriller",Babak Najafi,60000000,195194085,135194085
318,"Sep 28, 2018",Smallfoot,"$80,000,000","$83,240,103","$213,691,277",2018,"Adventure,Animation,Comedy",Karey Kirkpatrick,80000000,213691277,133691277
319,"Sep 28, 2018",Smallfoot,"$80,000,000","$83,240,103","$213,691,277",2018,"Adventure,Animation,Comedy",Jason Reisig,80000000,213691277,133691277
1022,"Jan 18, 2013",Mama,"$15,000,000","$71,628,180","$148,095,566",2013,"Horror,Thriller",Andy Muschietti,15000000,148095566,133095566
694,"Mar 7, 2014",The Grand Budapest Hotel,"$31,000,000","$59,076,019","$163,981,261",2014,"Adventure,Comedy,Crime",Wes Anderson,31000000,163981261,132981261
676,"Jul 27, 2012",Step Up Revolution,"$33,000,000","$35,074,677","$165,552,290",2012,"Drama,Music,Romance",Scott Speer,33000000,165552290,132552290
707,"May 20, 2011",Midnight in Paris,"$30,000,000","$56,816,662","$162,502,774",2011,"Comedy,Fantasy,Romance",Woody Allen,30000000,162502774,132502774
317,"Oct 17, 2014",Fury,"$80,000,000","$85,817,906","$210,315,681",2014,"Action,Drama,War",David Ayer,80000000,210315681,130315681
641,"Oct 28, 2011",In Time,"$35,000,000","$37,553,932","$165,103,952",2011,"Action,Crime,Drama",Andrew Niccol,35000000,165103952,130103952
475,"Dec 22, 2017",The Post,"$50,000,000","$81,903,458","$179,748,880",2017,"Biography,Drama,History",Steven Spielberg,50000000,179748880,129748880
589,"Dec 21, 2012",The Impossible,"$40,000,000","$19,019,882","$169,590,606",2012,"Drama,History,Thriller",J.A. Bayona,40000000,169590606,129590606
693,"Nov 2, 2012",Flight,"$31,000,000","$93,772,375","$160,558,438",2012,"Drama,Thriller",Robert Zemeckis,31000000,160558438,129558438
516,"Oct 7, 2016",The Girl on the Train,"$45,000,000","$75,395,035","$174,278,214",2016,"Crime,Drama,Mystery",Tate Taylor,45000000,174278214,129278214
99,"May 31, 2019",Godzilla: King of the Monsters,"$170,000,000","$85,576,941","$299,276,941",2019,"Action,Adventure,Fantasy",Michael Dougherty,170000000,299276941,129276941
563,"Nov 4, 2016",Hacksaw Ridge,"$40,000,000","$67,209,615","$168,904,682",2016,"Biography,Drama,History",Mel Gibson,40000000,168904682,128904682
790,"Jan 17, 2014",Ride Along,"$25,000,000","$134,202,565","$153,733,800",2014,"Action,Comedy,Crime",Tim Story,25000000,153733800,128733800
778,"Mar 18, 2011",Limitless,"$27,000,000","$79,249,455","$155,564,919",2011,"Mystery,Sci-Fi,Thriller",Neil Burger,27000000,155564919,128564919
157,"Dec 12, 2014",Exodus: Gods and Kings,"$140,000,000","$65,014,513","$268,314,513",2014,"Action,Adventure,Drama",Ridley Scott,140000000,268314513,128314513
378,"Mar 14, 2014",Need for Speed,"$66,000,000","$43,568,507","$194,169,619",2014,"Action,Crime,Thriller",Scott Waugh,66000000,194169619,128169619
268,"Feb 12, 2010",Percy Jackson & the Olympians: The Lightning Thief,"$95,000,000","$88,768,303","$223,050,874",2010,"Adventure,Family,Fantasy",Chris Columbus,95000000,223050874,128050874
396,"Apr 1, 2011",Hop,"$63,000,000","$108,085,305","$188,657,593",2011,"Adventure,Animation,Comedy",Tim Hill,63000000,188657593,125657593
150,"Mar 7, 2014",Mr. Peabody & Sherman,"$145,000,000","$111,506,430","$269,806,430",2014,"Adventure,Animation,Comedy",Rob Minkoff,145000000,269806430,124806430
314,"Dec 17, 2010",Yogi Bear,"$80,000,000","$100,246,011","$204,774,690",2010,"Adventure,Animation,Comedy",Eric Brevig,80000000,204774690,124774690
793,"Jan 21, 2011",No Strings Attached,"$25,000,000","$70,662,220","$149,228,078",2011,"Comedy,Romance",Ivan Reitman,25000000,149228078,124228078
1069,"Jul 4, 2018",The First Purge,"$13,000,000","$69,488,745","$136,617,305",2018,"Action,Horror,Sci-Fi",Gerard McMurray,13000000,136617305,123617305
296,"Feb 10, 2012",Safe House,"$85,000,000","$126,181,630","$208,542,162",2012,"Action,Adventure,Crime",Daniel Espinosa,85000000,208542162,123542162
210,"Feb 12, 2014",RoboCop,"$120,000,000","$58,607,007","$242,981,799",2014,"Action,Crime,Sci-Fi",José Padilha,120000000,242981799,122981799
341,"Aug 3, 2018",Christopher Robin,"$75,000,000","$99,215,042","$197,504,758",2018,"Adventure,Animation,Comedy",Marc Forster,75000000,197504758,122504758
562,"Oct 16, 2015",Bridge of Spies,"$40,000,000","$72,313,754","$162,498,338",2015,"Drama,History,Thriller",Steven Spielberg,40000000,162498338,122498338
953,"Aug 12, 2016",Sausage Party,"$19,000,000","$97,670,358","$141,344,255",2016,"Adventure,Animation,Comedy",Greg Tiernan,19000000,141344255,122344255
954,"Aug 12, 2016",Sausage Party,"$19,000,000","$97,670,358","$141,344,255",2016,"Adventure,Animation,Comedy",Conrad Vernon,19000000,141344255,122344255
468,"Dec 18, 2013",Anchorman 2: The Legend Continues,"$50,000,000","$127,352,707","$172,185,754",2013,Comedy,Adam McKay,50000000,172185754,122185754
187,"May 31, 2013",After Earth,"$130,000,000","$60,522,097","$251,499,665",2013,"Action,Adventure,Drama",M. Night Shyamalan,130000000,251499665,121499665
472,"Dec 14, 2018",The Mule,"$50,000,000","$103,804,407","$170,857,676",2018,"Crime,Drama,Thriller",Clint Eastwood,50000000,170857676,120857676
708,"Nov 22, 2017",Darkest Hour,"$30,000,000","$56,443,120","$150,807,172",2017,"Biography,Drama,History",Joe Wright,30000000,150807172,120807172
254,"Oct 20, 2017",Geostorm,"$100,000,000","$33,700,160","$220,796,009",2017,"Action,Sci-Fi,Thriller",Dean Devlin,100000000,220796009,120796009
215,"Dec 25, 2010",Gulliver's Travels,"$112,000,000","$42,779,261","$232,017,848",2010,"Adventure,Comedy,Family",Rob Letterman,112000000,232017848,120017848
1331,"Oct 13, 2017",Happy Death Day,"$5,000,000","$55,683,845","$125,010,260",2017,"Horror,Mystery,Thriller",Christopher Landon,5000000,125010260,120010260
530,"Oct 21, 2011",Johnny English Reborn,"$45,000,000","$8,406,711","$164,640,401",2011,"Action,Adventure,Comedy",Oliver Parker,45000000,164640401,119640401
223,"Jan 14, 2011",The Green Hornet,"$110,000,000","$98,780,042","$229,155,503",2011,"Action,Comedy,Crime",Michel Gondry,110000000,229155503,119155503
1131,"Dec 10, 2010",The Fighter,"$11,000,000","$93,617,009","$129,262,388",2010,"Biography,Drama,Sport",David O. Russell,11000000,129262388,118262388
8,"May 25, 2018",Solo: A Star Wars Story,"$275,000,000","$213,767,512","$393,151,347",2018,"Action,Adventure,Fantasy",Ron Howard,275000000,393151347,118151347
791,"Feb 5, 2010",Dear John,"$25,000,000","$80,014,842","$142,033,509",2010,"Drama,Romance,War",Lasse Hallström,25000000,142033509,117033509
559,"Nov 14, 2014",Dumb and Dumber To,"$40,000,000","$86,208,010","$156,553,592",2014,"Adventure,Comedy",Peter Farrelly,40000000,156553592,116553592
558,"Nov 14, 2014",Dumb and Dumber To,"$40,000,000","$86,208,010","$156,553,592",2014,"Adventure,Comedy",Bobby Farrelly,40000000,156553592,116553592
515,"Nov 23, 2011",The Muppets,"$45,000,000","$88,625,922","$160,971,922",2011,"Adventure,Comedy,Family",James Bobin,45000000,160971922,115971922
410,"May 25, 2017",Baywatch,"$60,000,000","$58,060,186","$175,863,783",2017,"Action,Comedy,Crime",Seth Gordon,60000000,175863783,115863783
614,"Sep 17, 2010",The Town,"$37,000,000","$92,186,262","$152,566,881",2010,"Crime,Drama,Thriller",Ben Affleck,37000000,152566881,115566881
384,"May 16, 2012",The Dictator,"$65,000,000","$59,650,222","$180,148,897",2012,Comedy,Larry Charles,65000000,180148897,115148897
571,"Aug 12, 2011",Final Destination 5,"$40,000,000","$42,587,643","$155,011,165",2011,Horror,Steven Quale,40000000,155011165,115011165
1024,"Feb 3, 2012",The Woman in Black,"$15,000,000","$54,333,290","$128,955,898",2012,"Drama,Fantasy,Horror",James Watkins,15000000,128955898,113955898
329,"Jul 20, 2018",The Equalizer 2,"$77,000,000","$102,084,362","$190,453,132",2018,"Action,Crime,Thriller",Antoine Fuqua,77000000,190453132,113453132
356,"Sep 23, 2016",Storks,"$70,000,000","$72,679,278","$183,353,431",2016,"Adventure,Animation,Comedy",Doug Sweetland,70000000,183353431,113353431
355,"Sep 23, 2016",Storks,"$70,000,000","$72,679,278","$183,353,431",2016,"Adventure,Animation,Comedy",Nicholas Stoller,70000000,183353431,113353431
557,"Oct 14, 2016",The Accountant,"$40,000,000","$86,260,045","$152,962,083",2016,"Action,Crime,Drama",Gavin O'Connor,40000000,152962083,112962083
759,"Jul 21, 2017",Girls Trip,"$28,000,000","$115,108,515","$140,886,353",2017,"Comedy,Drama",Malcolm D. Lee,28000000,140886353,112886353
30,"May 14, 2010",Robin Hood,"$210,000,000","$105,487,148","$322,459,006",2010,"Action,Adventure,Drama",Ridley Scott,210000000,322459006,112459006
1008,"Nov 25, 2011",The Artist,"$16,000,000","$44,667,095","$128,256,712",2011,"Comedy,Drama,Romance",Michel Hazanavicius,16000000,128256712,112256712
1100,"Feb 3, 2012",Chronicle,"$12,000,000","$64,575,175","$123,681,790",2012,"Drama,Sci-Fi,Thriller",Josh Trank,12000000,123681790,111681790
634,"Jul 22, 2011",Friends with Benefits,"$35,000,000","$55,802,754","$146,595,891",2011,"Comedy,Romance",Will Gluck,35000000,146595891,111595891
281,"Aug 7, 2013",Percy Jackson: Sea of Monsters,"$90,000,000","$68,559,554","$200,859,554",2013,"Adventure,Family,Fantasy",Thor Freudenthal,90000000,200859554,110859554
163,"Mar 4, 2011",Rango,"$135,000,000","$123,477,607","$245,724,600",2011,"Adventure,Animation,Comedy",Gore Verbinski,135000000,245724600,110724600
165,"Jun 3, 2016",Teenage Mutant Ninja Turtles: Out of the Shadows,"$135,000,000","$82,051,601","$245,328,374",2016,"Action,Adventure,Comedy",Dave Green,135000000,245328374,110328374
553,"Dec 25, 2013",Lone Survivor,"$40,000,000","$125,095,601","$149,804,632",2013,"Action,Biography,Drama",Peter Berg,40000000,149804632,109804632
252,"Aug 15, 2014",The Expendables 3,"$100,000,000","$39,322,544","$209,461,378",2014,"Action,Adventure,Thriller",Patrick Hughes,100000000,209461378,109461378
1056,"Jul 1, 2015",Magic Mike XXL,"$14,500,000","$66,013,057","$123,660,597",2015,"Comedy,Drama,Music",Gregory Jacobs,14500000,123660597,109160597
1080,"Jul 17, 2015",Bajrangi Bhaijaan,"$13,000,000","$8,178,001","$121,778,347",2015,"Action,Comedy,Drama",Kabir Khan,13000000,121778347,108778347
1146,"Jul 1, 2016",The Purge: Election Year,"$10,000,000","$79,042,440","$118,514,727",2016,"Action,Horror,Sci-Fi",James DeMonaco,10000000,118514727,108514727
683,"Apr 1, 2011",Source Code,"$32,000,000","$54,712,227","$140,428,499",2011,"Action,Drama,Sci-Fi",Duncan Jones,32000000,140428499,108428499
1030,"Nov 7, 2014",The Theory of Everything,"$15,000,000","$35,893,537","$123,327,692",2014,"Biography,Drama,Romance",James Marsh,15000000,123327692,108327692
100,"May 27, 2016",Alice Through the Looking Glass,"$170,000,000","$77,042,381","$276,928,112",2016,"Adventure,Family,Fantasy",James Bobin,170000000,276928112,106928112
630,"Jul 17, 2015",Trainwreck,"$35,000,000","$110,212,700","$141,123,897",2015,"Comedy,Drama,Romance",Judd Apatow,35000000,141123897,106123897
647,"Oct 13, 2017",The Foreigner,"$35,000,000","$34,393,507","$140,783,360",2017,"Action,Thriller",Martin Campbell,35000000,140783360,105783360
1071,"Jun 24, 2016",The Shallows,"$13,000,000","$55,121,623","$118,763,442",2016,"Drama,Horror,Thriller",Jaume Collet-Serra,13000000,118763442,105763442
763,"Dec 11, 2015",The Big Short,"$28,000,000","$70,259,870","$133,162,752",2015,"Biography,Comedy,Drama",Adam McKay,28000000,133162752,105162752
1327,"Mar 11, 2016",10 Cloverfield Lane,"$5,000,000","$72,082,999","$108,286,422",2016,"Drama,Horror,Mystery",Dan Trachtenberg,5000000,108286422,103286422
706,"Aug 8, 2012",Hope Springs,"$30,000,000","$63,536,011","$133,085,295",2012,"Comedy,Drama,Romance",David Frankel,30000000,133085295,103085295
386,"Feb 27, 2015",Focus,"$65,000,000","$53,862,963","$168,065,700",2015,"Comedy,Crime,Drama",Glenn Ficarra,65000000,168065700,103065700
387,"Feb 27, 2015",Focus,"$65,000,000","$53,862,963","$168,065,700",2015,"Comedy,Crime,Drama",John Requa,65000000,168065700,103065700
352,"Mar 22, 2013",Olympus Has Fallen,"$70,000,000","$98,927,592","$172,878,928",2013,"Action,Thriller",Antoine Fuqua,70000000,172878928,102878928
1229,"Jul 18, 2014",The Purge: Anarchy,"$9,000,000","$71,562,550","$111,534,881",2014,"Action,Horror,Sci-Fi",James DeMonaco,9000000,111534881,102534881
1097,"Apr 20, 2012",Think Like a Man,"$12,000,000","$91,547,205","$113,373,764",2012,"Comedy,Romance",Tim Story,12000000,113373764,101373764
434,"Oct 16, 2015",Goosebumps,"$58,000,000","$80,069,458","$158,905,324",2015,"Adventure,Comedy,Family",Rob Letterman,58000000,158905324,100905324
1564,"Jan 6, 2012",The Devil Inside,"$1,000,000","$53,262,945","$101,759,490",2012,Horror,William Brent Bell,1000000,101759490,100759490
483,"Aug 8, 2014",Into the Storm,"$50,000,000","$47,602,194","$150,429,371",2014,"Action,Adventure,Drama",Steven Quale,50000000,150429371,100429371
